ID,URL,TITLE
1,https://www.axtonliu.com/jina-reader-api/,Jina Reader API 的四种用法 | 「智图派」
2,https://www.axtonliu.com/coze-workflow-tweets-twitter-api/,Coze 工作流获取 Tweets 详解 | 「智图派」
3,https://www.axtonliu.com/perplexity-ai-search-will-surpass-google/,为什么 Perplexity 是AI搜索的未来？又是如何重塑我们获取信息的方式 |  智图派
4,https://www.axtonliu.com/claude-3-vs-gpt4-detail-review/,Claude 3 vs GPT-4 世界最强模型全面对比评测 | 智图派
5,https://www.axtonliu.com/gemini-15-pro/,一次处理 80 万汉字，Gemini 1.5 Pro 值得期待吗 「智图派」
6,https://www.axtonliu.com/create-graphic-notes-with-gpt/,让 GPT 为你制作图形化笔记 「智图派」
7,https://www.axtonliu.com/gpt-builder-official-tutorial/,GPT Builder 官方指南 | 「智图派」
8,https://www.axtonliu.com/gemini-pro-api/,免费的 Gemini Pro API 用法大全 「智图派」
9,https://www.axtonliu.com/how-basic-whiteboard-becomes-powerful-online-collation-tool-arc-browser-easel/,一个简陋的白板如何成为网络收集资料的利器 - Arc 浏览器白板 Easel | 「智图派」
10,https://www.axtonliu.com/openai-playground-and-assistants-api-gpts/,如何在 OpenAI Playground 中使用 Assistants API 以及创建 GPTs
11,https://www.axtonliu.com/https-axtonliu-com-the-eve-of-agi-unveiling-q-hypothesis-openai-creation-guide/,AGI 前夜：揭秘Q*假说，OpenAI到底造出来什么？自我博弈、思维树、回形针 『智图派』
